ID;canonicalsmiles;xlogp;polararea
5478883;CC(C)CC(C(CC(=O)O)O)NC(=O)C(C)NC(=O)CC(C(CC(C)C)NC(=O)C(C(C)C)NC(=O)C(C(C)C)NC(=O)CC(C)C)O;3.000;223000
5481345;CC(C)CC(C(CC(=O)O)O)NC(=O)C(C)NC(=O)CC(C(CC(C)C)NC(=O)C(C(C)C)NC(=O)C(C(C)C)NC(=O)C)O;1.700;223000
115071;CCCCCCC1C(C(=O)N(C(C(=O)NC(C(=O)NC(C(=O)NC(C(=O)NCC(=O)O1)C(C)O)CO)C(C)CC)CC(C)C)C)C;3.900;204000
5462499;CC(C)CC(C(CC(=O)O)O)NC(=O)C(C)NC(=O)CC(C(CC(C)C)NC(=O)C(C(C)C)NC(=O)C(C(C)C)NC(=O)C(C)C)O;2.800;223000
135397151;CC(C)CC(C(CC(=O)O)O)NC(=O)C(C)NC(=O)CC(C(CC(C)C)NC(=O)C(C(C)C)NC(=O)C(C(C)C)NC(=O)CC(C)C)O.N;NULL;224000
71308771;CCCCC(C(=O)NC(CC(C)C)C(CC(=O)NC(C)C(=O)NC(CC(C)C)C(CC(=O)O)O)O)N;-1.100;191000
102225144;CCC(C)CCCCCCCC(CC(=O)NC(CCC(=O)OC)C(=O)NC(CC(C)C)C(=O)NC(CC(C)C)C(=O)NC(CC(C)C)C(=O)O)O;7.200;200000
431973;CCC(=O)NC(C(C)C)C(=O)NC(C(C)C)C(=O)NC(CC(C)C)C(CC(=O)NC(C)C(=O)NC(CC(C)C)C(CC(=O)O)O)O;2.200;223000
4667579;CC(C)CC(C(CC(=O)O)O)NC(=O)C(C)NC(=O)CC(C(CC(C)C)NC(=O)C(C(C)C)NC(=O)C(C(C)C)NC(=O)C(C)C)O;2.800;223000
102225145;CCC(C)CC(C)CCCCC(CC(=O)NC(CCC(=O)O)C(=O)NC(CC(C)C)C(=O)NC(CC(C)C)C(=O)NC(CC(C)C)C(=O)O)O;6.500;211000
11479333;CCCCCCC1C(C(=O)N(C(C(=O)NC(C(=O)NC(C(=O)NC(C(=O)NCC(=O)O1)C(C)O)CO)C(C)CC)CC(C)C)C)C;3.900;204000
3058080;CCCCCCC1C(C(=O)N(C(C(=O)NC(C(=O)NC(C(=O)NC(C(=O)NCC(=O)O1)C(C)O)CO)C(C)C)CC(C)C)C)C;3.600;204000
444340;CCOC(=O)CC(C(CC(C)C)NC(=O)C(C(C)C)NC(=O)C(C(C)C)NC(=O)CC(C)C)O;3.600;134000
16084771;CCCCCC1CC(=O)NC(C(=O)NC(C(=O)OC(CC(=O)NC(C(=O)NC(C(=O)O1)CC(C)C)CO)CCCCC)CO)CC(C)C;5.100;210000
6452617;CC(C)CC(C(CC(=O)NC(CO)C(=O)NC(CC(C)C)C(CC(=O)O)O)O)NC(C(C)CC(=O)C(C(C)C)NC(=O)CC(C)C)C(=O)N;-1.400;258000
10700088;CCCCCCCCCC1CC(=O)NC(C(=O)NC(C(=O)NC(C(=O)NC(C(=O)NC(C(=O)O1)C(C)CC)CC(C)C)C(C)O)CO)CC(C)C;6.500;212000
122177567;CCCCCCCCCCC1CC(=O)NC(C(=O)NC(C(=O)NC(C(=O)NC(C(=O)NC(C(=O)O1)C(C)CC)CC(C)C)C(C)O)CO)CC(C)C;7.100;212000
122177568;CCC(C)C1C(=O)OC(CC(=O)NC(C(=O)NC(C(=O)NC(C(=O)NC(C(=O)N1)CC(C)C)C(C)O)CO)CC(C)C)CCCCCCCCC(C)C;7.300;212000
125880;CC(C)CCCCCCCCCCCC(=O)OC(CCCCCCCCCCC(C)C)CC(=O)NCC(=O)NC(CO)C(=O)O;10.600;142000
16084769;CCCCCCCC1CC(=O)NC(C(=O)NC(C(=O)OC(CC(=O)NC(C(=O)NC(C(=O)O1)CO)CC(C)C)CCCCC)CC(C)C)CO;6.200;210000
16084770;CCCCCCCC1CC(=O)NC(C(=O)NC(C(=O)OC(CC(=O)NC(C(=O)NC(C(=O)O1)CC(C)C)CO)CCCCC)CO)CC(C)C;6.200;210000
5748644;CC(C)CC(C(CC(=O)NC(=O)C(C)NNC(CC(C)C)C(CC(=O)O)O)O)NC(=O)C(C(C)C)NC(=O)C(C(C)C)NC(=O)C(C)C;0.300;235000
133053571;CC(C)CC(C(CC(=O)O)O)NC(=O)C(C)NC(=O)CC(C(CC(C)C)NC(=O)C(C(C)C)NC(=O)C(C(C)C)NC(=O)CC(C)C)O.C(=O)(C(F)(F)F)O;NULL;261000
139583889;CCCCCCCCCCCCCC(CC(=O)NC(CC(C)C)C(=O)NC1C(OC(=O)C(NC(=O)C(NC(=O)C(NC(=O)C(NC1=O)CO)C(C)O)CC(C)C)CC(C)C)C)O;7.800;262000
139585984;CCC(C)CC(C)CCCCC(CC(=O)NC(CC(C)C)C(=O)NC(CCC(=O)O)C(=O)NC(CC(C)C)C(=O)NC(CC(C)C)C(=O)O)O;6.500;211000
139586599;CCC(C)CCCCCCCCC(CC(=O)NC(CCC(=O)OC)C(=O)NC(CC(C)C)C(=O)NC(CC(C)C)C(=O)NC(CC(C)C)C(=O)O)O;7.700;200000
139587083;CCC(C)CCCCCCCC(CC(=O)NC(CC(C)C)C(=O)NC(CCC(=O)O)C(=O)NC(CC(C)C)C(=O)NC(CC(C)C)C(=O)O)O;6.800;211000
139587702;CCCCCCCCCCCC(CC(=O)NC(CC(C)C)C(=O)NC1C(OC(=O)C(NC(=O)C(NC(=O)C(NC(=O)C(NC1=O)CO)C(C)O)CC(C)C)CC(C)C)C)O;6.700;262000
139588117;CCC(C)CC(C)CCCCCC(CC(=O)NC(CC(C)C)C(=O)NC(CCC(=O)O)C(=O)NC(CC(C)C)C(=O)NC(CC(C)C)C(=O)O)O;7.100;211000
156582318;CCCCCCCC(CC(=O)NC(CC(C)C)C(=O)NC(CCC(=O)N)C(=O)NC(C(C)O)C(=O)NC(C(C)C)C(=O)NC(CC(C)C)C(=O)NC(CO)C(=O)NC(CC(C)C)C(=O)NC(CO)C(=O)NC(C(C)CC)C(=O)O)O;2.600;423000
139588802;CCCCCCCC(CC(=O)NC(CC(C)C)C(=O)NC(CC(C)C)C(=O)NC(CCC(=O)N)C(=O)NC(CC(C)C)C(=O)NC(CCC(=O)N)C(=O)NC(C(C)C)C(=O)NC(CC(C)C)C(=O)NC(CC(C)C)C(=O)O)O;5.700;377000
139588803;CCCCCCCCCC(CC(=O)NC(CC(C)C)C(=O)NC(CC(C)C)C(=O)NC(CCC(=O)N)C(=O)NC(CC(C)C)C(=O)NC(CCC(=O)N)C(=O)NC(C(C)C)C(=O)NC(CC(C)C)C(=O)NC(CC(C)C)C(=O)O)O;6.800;377000
118707673;CCC(=O)NC(C(C)C)C(=O)NC(C(C)C)C(=O)NC(CC(C)C)C(CC(=O)NC(C)C(=O)NC(CC(C)C)C(CC(=O)O)O)O;2.200;223000
139589195;CC(C)CCC(=O)NC(C(C)C)C(=O)NC(C(C)C)C(=O)NC(CC(C)C)C(CC(=O)NC(C)C(=O)NC(CC(C)C)C(CC(=O)O)O)O;3.300;223000
139589196;CCCCCC(=O)NC(C(C)C)C(=O)NC(C(C)C)C(=O)NC(CC(C)C)C(CC(=O)NC(C)C(=O)NC(CC(C)C)C(CC(=O)O)O)O;3.600;223000
139589302;CCCCC(=O)NC(C(C)C)C(=O)NC(C(C)C)C(=O)NC(CC(C)C)C(CC(=O)NC(C)C(=O)NC(CC(C)C)C(CC(=O)OC)O)O;3.400;212000
146684684;CCCCCCCC(CC(=O)NC(CC(C)C)C(=O)NC(CC(C)C)C(=O)NC(CCC(=O)N)C(=O)NC(CC(C)C)C(=O)NC(CO)C(=O)NC(C(C)C)C(=O)NC(CC(C)C)C(=O)NC(CC(C)C)C(=O)O)O;5.900;354000
146684685;CCCCCCCC(CC(=O)NC(CC(C)C)C(=O)NC(CC(C)C)C(=O)NC(CCC(=O)N)C(=O)NC(CC(C)C)C(=O)NC(CO)C(=O)NC(C(C)CC)C(=O)NC(CC(C)C)C(=O)NC(CC(C)C)C(=O)O)O;6.200;354000
146684686;CCCCCCCCCC(CC(=O)NC(CC(C)C)C(=O)NC(CC(C)C)C(=O)NC(CCC(=O)N)C(=O)NC(CC(C)C)C(=O)NC(CO)C(=O)NC(C(C)C)C(=O)NC(CC(C)C)C(=O)NC(CC(C)C)C(=O)O)O;6.900;354000
146684687;CCCCCCCCCC(CC(=O)NC(CC(C)C)C(=O)NC(CC(C)C)C(=O)NC(CCC(=O)N)C(=O)NC(CC(C)C)C(=O)NC(CO)C(=O)NC(C(C)CC)C(=O)NC(CC(C)C)C(=O)NC(CC(C)C)C(=O)O)O;7.300;354000
10509111;CCC(C)C1C(=O)OC(CC(=O)NC(C(=O)NC(C(=O)NC(C(=O)NC(C(=O)N1)CC(C)C)C(C)O)CO)CC(C)C)CCCCCCC(C)C;6.200;212000
10532731;CCCCCCCC1CC(=O)NC(C(=O)NC(C(=O)NC(C(=O)NC(C(=O)NC(C(=O)O1)C(C)CC)CC(C)C)C(C)O)CO)CC(C)C;5.400;212000
125879;CC(C)CCCCCCCCCCCC(CC(=O)NCC(=O)NC(CO)C(=O)O)OC(=O)CCCCCCCCCCCC(C)C;11.100;142000
508500;CCCCCCC1C(C(=O)N(C(C(=O)NC(C(=O)NC(C(=O)NC(C(=O)NCC(=O)O1)C(C)O)CO)C(C)CC)CC(C)C)C)C;3.900;204000
14557510;CCOC(=O)CC(C(CC(C)C)NC(=O)C(C(C)C)NC(=O)C(C(C)C)NC(=O)CC(C)C)O;3.600;134000
146048039;CCC1C(=O)N(CC(=O)N(C(C(=O)NC(C(=O)N(C(C(=O)NC(C(=O)NC(C(=O)N(C(C(=O)N(C(C(=O)N(C(C(=O)N(C(C(=O)N1)C(C(C)CCCCCC(=O)O)O)C)C(C)C)C)CC(C)C)C)CC(C)C)C)C)C)CC(C)C)C)C(C)C)CC(C)C)C)C;7.500;316000
133065658;CC(C)CC(C(CC(=O)O)O)NC(=O)C(C)NC(=O)CC(C(CC(C)C)NC(=O)C(C(C)C)NC(=O)C(C(C)C)NC(=O)C)O.CC(=O)O;NULL;261000
10349186;CCCCCCCCCCCCCC(CC(=O)NCC(=O)NC(CO)C(=O)O)OC(=O)CCCCCCCCCCCC(C)C;10.900;142000
18544319;CC(C)CC(C(CC(=O)NC(CO)C(=O)NC(CC(C)C)C(CC(=O)O)O)O)NC(C(C)CC(=O)C(C(C)C)NC(=O)CC(C)C)C(=O)N;-1.400;258000
44294697;CC(C)CC(C(CC(=O)O)O)NC(=O)C(C)NC(=O)CC(C(CC(C)C)NC(=O)C(C(C)C)NC(=O)C(C(C)C)NC(=O)C(C)O)O;1.500;244000
44331168;CCC(C)(C(=O)NC(C(C)C)C(=O)NC(C(C)C)C(=O)NC(CC(C)C)C(CC(=O)NC(C)C(=O)NC(CC(C)C)C(CC(=O)O)O)O)N;-0.300;249000
44331186;CCOC(=O)CC(C(CCCCNC(=O)C)NC(=O)C(C(C)C)NC(=O)C(C(C)C)NC(=O)CC(C)C)O;2.300;163000
10006228;CCC(C)C(C(=O)NC(CC(C)C)C(CC(=O)O)O)NC(=O)C(C(C)CC)NC(=O)OC(C)(C)C;3.700;154000
10392668;CCC(C)C(C(=O)NC(CC(C)C)C(CC(=O)O)O)NC(=O)C(C(C)OC(C)(C)C)NC(=O)OC(C)(C)C;3.300;163000
10438059;CCC(C)C(C(=O)NC(CC(C)C)C(CC(=O)OCC)O)NC(=O)C(C(C)OC(C)(C)C)NC(=O)OC(C)(C)C;4.000;152000
44324954;CCOC(=O)CC(C(CC(C)C)NC(=O)C(C(C)C)NC(=O)C(C(C)C)NC(=O)CC(C)C)O;3.600;134000
44354624;CCC(C)(C(=O)O)NC(=O)C(C(C)C)NC(=O)C(C(C)C)NC(=O)CC(C(CC(C)C)NC(=O)C(C)NC(=O)CC(C(CC(C)C)N)O)O;-0.300;249000
44381791;CCC(C)(C(=O)NC(C(C)C)C(=O)NC(C(C)C)C(=O)NC(CC(C)C)C(CC(=O)NC(C)C(=O)NC(CC(C)C)C(CC(=O)O)O)O)N;-0.300;249000
44383576;CCOC(=O)CC(C(CC(C)C)NC(=O)C(C(C)C)NC(=O)CC(C)C)O;2.800;105000
44383739;CC(C)CC(C(CC(=O)NC(C)C(=O)NC(CC(C)C)C(=O)OC)O)NC(=O)C(C(C)C)NC(=O)CC(C)C;3.300;163000
44384508;CC(C)CC(C(CC(=O)NC(C)C(=O)NCC(=O)OC)O)NC(=O)C(C(C)C)NC(=O)CC(C)C;1.600;163000
3080676;CC(C)CC(C(CC(=O)N(C(=O)C(C)NC(CC(C)C)C(CC(=O)O)O)C(=O)C(C(C)C)NC(=O)C(C(C)C)NC(=O)C)O)N;-0.800;229000
10350569;CC(C)CC(C(=O)NC(CC(C)C)C(=O)NC(C)C(=O)NC(C(C)C)C(=O)NCC(=O)NC(C)C(=O)NC(C(C)O)C(=O)NC(CCCCN)C(=O)O)NC(=O)C(C)N;-2.700;342000
56671665;CCC(C)C(C(=O)NC(CC(C)C)C(CC(=O)NC(CCC(=O)N)C(=O)NC(CO)C(=O)O)O)NC(=O)C(C(C)C)NC(=O)C(CCC(=O)N)N;-4.700;336000
90663544;CC(C)CC(C(CC(=O)NC(C)C(=O)OC)O)NC(=O)C(C(C)C)NC(=O)C(C(C)C)NC(=O)CC(C)C;2.900;163000
118725177;CC(C)CC(C(CC(=O)NC(C)C(=O)NC(CC(C)C)C(=O)OC)O)NC(=O)C(C(C)C)NC(=O)CC(C)C;3.300;163000
155525722;CC(C)CC(C(CC(=O)NC(C)C(=O)NC(CC(C)C)C(CC(=O)O)O)O)NC(=O)CC(C)C;1.600;165000
155561692;CC(C)CC(C(CC(=O)O)O)NC(=O)C(C(C)C)NC(=O)C(C(C)C)NC(=O)CC(C)C;2.900;145000
155568332;CC(C)CC(C(CC(=O)NC(C)C(=O)O)O)NC(=O)C(C(C)C)NC(=O)C(C(C)C)NC(=O)CC(C)C;2.600;174000
4742;CC(C)CC(C(CC(=O)O)O)NC(=O)C(C)NC(=O)CC(C(CC(C)C)NC(=O)C(C(C)C)NC(=O)C(C(C)C)NC(=O)CC(C)C)O;3.000;223000
72818718;CCCCCCCCC1C(C(=O)N(C(C(=O)NC(C(=O)NC(C(=O)NC(C(=O)NCC(=O)O1)C(C)O)CO)C(C)CC)CC(C)C)C)C;5.000;204000
194361;CC(C)CC(C(CC(=O)NC(C)C(=O)NC(CC(C)C)C(CC(=O)NC(CC(=O)O)C(=O)O)O)O)NC(C(C)C)C(=O)NC(=O)C(C(C)C)NC(=O)CC(C)C;-0.400;290000
5480836;CC(C)CC(C(CC(=O)O)O)NC(=O)C(C)NC(=O)CC(C(CC(C)C)NC(=O)C(C(C)C)NC(=O)C(C(C)C)NC(=O)C(C)O)O;1.500;244000
196250;CC(C)CC(C(CC(=O)NCC(=O)NC(CCCCN)C(=O)NC(CCCCN)C(=O)O)O)NC(=O)C(C)NC(=O)CC(C(CC(C)C)NC(=O)C(C(C)C)NC(=O)C(C(C)C)NC(=O)CC(C)C)O;-0.900;363000
166640006;CCCCCCC1C(C(=O)N(C(C(=O)NC(C(=O)NC(C(=O)NC(C(=O)NCC(=O)O1)C(C)O)CO)C(C)CC)CC(C)C)C)C;3.900;204000
168013666;CCCCCCC1C(C(=O)N(C(C(=O)NC(C(=O)NC(C(=O)NC(C(=O)NCC(=O)O1)C(C)O)CO)C(C)CC)CC(C)C)C)C;3.900;204000
196228;CC(C)CC(C(CC(=O)NC(C)C(=O)NC(CC(C)C)C(CC(=O)O)O)O)NC(C(C)CC(=O)C(C(C)C)NC(=O)C(C)O)C(=O)N;-1.800;258000
16760606;CC(C)CC(C(CC(=O)OC)O)NC(=O)C(C)NC(=O)CC(C(CC(C)C)NC(=O)C(C(C)C)NC(=O)C(C(C)C)NC(=O)CC(C)C)O;3.300;212000
49796466;CCOC(=O)CC(C(CCCCN)NC(=O)C(C(C)C)NC(=O)C(C(C)C)NC(=O)CC(C)C)O.CC(=O)O;NULL;197000
91928989;CCOC(=O)CC(C(CCCC[NH3+])NC(=O)C(C(C)C)NC(=O)C(C(C)C)NC(=O)CC(C)C)O;2.000;162000
53787314;CC(C)CCCCCCCCCCCC(CC(=O)NCC(=O)NC(CO)C(=O)O)OC(=O)CCCCCCCCCCCC(C)C;11.100;142000
145865062;CC(C)CCCCCCCCCCCC(CC(=O)NCC(=O)NC(CO)C(=O)[O-])OC(=O)CCCCCCCCCCCC(C)C;11.800;145000
49796464;CCOC(=O)CC(C(CCCN)NC(=O)C(C(C)C)NC(=O)C(C(C)C)NC(=O)CC(C)C)O.CC(=O)O;NULL;197000
91928990;CCOC(=O)CC(C(CCC[NH3+])NC(=O)C(C(C)C)NC(=O)C(C(C)C)NC(=O)CC(C)C)O;1.600;162000
1991;CC(C)CC(C(CC(=O)O)O)NC(=O)C(C)NC(=O)CC(C(CC(C)C)NC(=O)C(C(C)C)NC(=O)C(C(C)C)NC(=O)C)O;1.700;223000
86574037;CC(C)CC1C(=O)NC(C(=O)NC(C(=O)NC(C(=O)NC(C(=O)NC(C(=O)NC(C(=O)OC(CC(=O)N1)CCCCCCCCC(C)O)CC(C)C)CC(C)C)CC(C)C)C(C)C)CC(=O)O)CC(C)C;8.200;288000
88665450;CC(C)CC(C(CC(=O)O)O)NC(=O)C(CC(C)C)N;-1.300;113000
129716927;CC(C)CC(C(CC(=O)O)O)NC(=O)C(C)N;-2.600;113000
129716935;CC(C)CC(C(CC(=O)O)O)NC(=O)C(C(C)C)N;-1.700;113000
134816625;CC(C)CC(C(CC(=O)NC(C)C(=O)O)O)NC(=O)C(C(C)C)NC(=O)C(C(C)C)NC(=O)C(C)C;2.400;174000
5462227;CC(C)CC(C(CC(=O)O)O)NC(=O)C(C)NC(=O)CC(C(CC(C)C)NC(=O)C(C(C)C)NC(=O)C(C(C)C)NC(=O)CC(C)C)O;3.000;223000
12831406;CC(C)CC(C(CC(=O)O)O)NC(=O)C(C)NC(=O)CC(C(CC(C)C)NC(=O)C(C(C)C)NC(=O)C(C(C)C)N)O;-0.800;220000
86736800;CC(C)CC(C(CC(=O)O)O)NC(=O)C(C)NC(=O)CC(C(CC(C)C)NC(=O)C(C(C)C)NC(=O)C(C(C)C)NC(=O)CC(C)C)O.C(CC(C(=O)O)N)CN=C(N)N;NULL;351000
24916841;CC(C)CC(C(CC(=O)[O-])O)NC(=O)C(C)NC(=O)CC(C(CC(C)C)NC(=O)C(C(C)C)NC(=O)C(C(C)C)NC(=O)CC(C)C)O;3.600;226000
6420001;CC(C)CC(C(CC(=O)O)O)NC(=O)C(C)NC(=O)CC(C(CC(C)C)NC(=O)C(C(C)C)NC(=O)C(C(C)C)NC(=O)CC(C)C)O;3.000;223000
394943;CC(C)CC(C(=O)NC(CC(C)C)C(=O)NC(C)C(=O)NC(C(C)C)C(=O)NCC(=O)NC(C)C(=O)NC(C(C)O)C(=O)NC(CCCCN)C(=O)O)NC(=O)C(C)N;-2.700;342000
6604384;CC(C)CC(C(CC(=O)O)O)NC(=O)C(C)NC(=O)CC(C(CC(C)C)NC(=O)C(C(C)C)NC(=O)C(C(C)C)NC(=O)CC(C)C)O;3.000;223000
129716694;CC(C)CC(C(CC(=O)O)O)NC(=O)C(C)NC(=O)CC(C(CC(C)C)NC(=O)C(C(C)C)NC(=O)C(C(C)C)NC(=O)CC(C)C)O.Cl;NULL;223000
13384503;CC(C)CC(C(CC(=O)NC(C)C(=O)NC(CC(C)C)C(CC(=O)OC)O)O)N;0.400;151000
86736802;CC(C)CC(C(CC(=O)O)O)NC(=O)C(C)NC(=O)CC(C(CC(C)C)NC(=O)C(C(C)C)NC(=O)C(C(C)C)NC(=O)CC(C)C)O.C(CC(=O)O)C(C(=O)O)N;NULL;324000
88666410;CC(C)CC(C(CC(=O)O)O)NC(=O)C(C(C)C)NC(=O)C;0.900;116000
13384501;CC(C)CC(C(CC(=O)OC)O)NC(=O)C(C)NC(=O)CC(C(CC(C)C)NC(=O)OC(C)(C)C)O;2.000;163000
88665994;CC(C)CC(C(CC(=O)O)O)NC(=O)C(C)NC(=O)C;-0.100;116000
13752778;CC(C)CC(C(CC(=O)NC(C)C(=O)NC(CC(C)C)C(CC(=O)OC)O)O)N.C(=O)(C(F)(F)F)O;NULL;188000
134825618;CCC(C)(C(=O)NC(C(C)C)C(=O)NC(C(C)C)C(=O)NC(CC(C)C)C(CC(=O)OCC)O)N;2.500;160000
444339;CCOC(=O)CC(C(CCCCN)NC(=O)C(C(C)C)NC(=O)C(C(C)C)NC(=O)CC(C)C)O;2.000;160000
9831660;CCCCCCCCCCC1C(C(=O)N(C(C(=O)NC(C(=O)NC(C(=O)NC(C(=O)NCC(=O)O1)C(C)O)CO)C(C)CC)CC(C)C)C)C;6.100;204000
13040981;CC(C)CC(C(CC(=O)O)O)NC(=O)C(C)NC(=O)CC(C(CC(C)C)NC(=O)C(C(C)C)NC(=O)C(C(C)C)NC(=O)CC(C)C)O;3.000;223000
14557511;CCOC(=O)CC(C(CC(C)C)NC(=O)C(C(C)C)NC(=O)C(C(C)C)NC(=O)CC(C)C)O;3.600;134000
44286331;CCOC(=O)CC(C(CCCN)NC(=O)C(C(C)C)NC(=O)C(C(C)C)NC(=O)CC(C)C)O;1.600;160000
44314019;CCCCCCC1C(C(=O)NC(C(=O)NC(C(=O)NC(C(=O)NC(C(=O)NCC(=O)O1)C(C)O)CO)C(C)CC)CC(C)C)C;3.700;212000
44314119;CCCCCCC1C(C(=O)N(C(C(=O)NC(C(=O)NC(C(=O)NC(C(=O)NCC(=O)O1)CC)CO)C(C)CC)CC(C)C)C)C;4.500;183000
44314377;CCCCCCC1C(C(=O)N(C(C(=O)NC(C(=O)NC(C(=O)NC(C(=O)NCC(=O)O1)C(C)O)CO)C(C)CC)CC(C)C)C)C;3.900;204000
44325059;CC(C)CC(C(CC(=O)O)O)NC(=O)C(C)NC(=O)CC(C(CC(C)C)NC(=O)C(C(C)C)NC(=O)C(C(C)C)NC(=O)CC(C)C)O;3.000;223000
44326807;CCOC(=O)CC(C(CCCCN)NC(=O)C(C(C)C)NC(=O)C(C(C)C)NC(=O)CC(C)C)O;2.000;160000
44326934;CCOC(=O)CC(C(CC(C)C)NC(=O)C(C(C)C)NC(=O)C(C(C)C)NC(=O)CC(C)C)O;3.600;134000
49796465;CCOC(=O)CC(C(CCCCN)NC(=O)C(C(C)C)NC(=O)C(C(C)C)NC(=O)CC(C)C)O.CC(=O)O;NULL;197000
10574622;CC(C)CC(C(CC(=O)NC(CC(C)C)C(=O)NC(C(C)C)C(=O)O)O)NC(=O)C;2.000;145000
12096747;CCCCCCC1C(C(=O)N(C(C(=O)NC(C(=O)NC(C(=O)NC(C(=O)NCC(=O)O1)C(C)O)CO)C(C)CC)CC(C)C)C)C;3.900;204000
12096748;CCCCCCCCC1C(C(=O)N(C(C(=O)NC(C(=O)NC(C(=O)NC(C(=O)NCC(=O)O1)C(C)O)CO)C(C)CC)CC(C)C)C)C;5.000;204000
44314057;CCCCCCC1C(C(=O)N(C(C(=O)NC(C(=O)NC(C(=O)NC(C(=O)NCC(=O)O1)C(C)O)CO)C(C)CC)CC(C)C)C)C;3.900;204000
44314378;CCCCCCC1C(C(=O)N(C(C(=O)NC(C(=O)NC(C(=O)NC(C(=O)NCC(=O)O1)C(C)O)CO)C(C)CC)CC(C)C)C)C;3.900;204000
44314379;CCCCCCC1C(C(=O)N(C(C(=O)NC(C(=O)NC(C(=O)NC(C(=O)NCC(=O)O1)C(C)OC)CO)C(C)CC)CC(C)C)C)C;3.900;193000
44318627;CC(C)CC(C(CC(=O)O)O)NC(=O)C(C)NC(=O)CC(C(CC(C)C)NC(=O)C(C(C)C)NC(=O)C(C(C)C)NC(=O)CC(C)C)O;3.000;223000
44346072;CC(C)CC(C(CC(=O)O)O)NC(=O)C(C)NC(=O)CC(C(CC(C)C)NC(=O)C(C(C)C)NC(=O)C(C(C)C)NC(=O)CC(C)C)O;3.000;223000
44384365;CC(C)CC(C(CC(=O)NC(C)C(=O)OC)O)NC(=O)C(C(C)C)NC(=O)C(C(C)C)NC(=O)CC(C)C;2.900;163000
44440537;CCC(C)C(C(=O)NC(C(C)CC)C(=O)NC(C)C(=O)NC(C(C)CC)C(=O)NC(C(C)O)C(=O)NC(CC1CCCCC1)C(=O)O)N;1.100;229000
44514945;CCCCC(C(=O)NC(CC(C)C)C(CC(=O)NC(C)C(=O)NC(CC(C)C)C(CC(=O)O)O)O)NC(=O)C(C(C)C)NC(=O)CC(C)C;3.500;223000
60001739;CCCC(C(=O)NC(CC(C)C)C(CC(=O)NC(C(C)C)C(=O)NC(C)C(=O)O)O)NC(=O)C(CC(C)C)NC(=O)C(CCC(=O)O)N;-1.000;266000
87650789;CC(C)CC(C(CC(=O)O)O)NC(=O)C(C)NC(=O)CC(C(CC(C)C)NC(=O)C(C(C)C)NC(=O)C(C(C)C)NC(=O)CC(C)C)O.CC(C)CC(C(CC(=O)O)O)NC(=O)C(C)NC(=O)CC(C(CC(C)C)NC(=O)C(C(C)C)NC(=O)C(C(C)C)NC(=O)CC(C)C)O;NULL;447000
87919608;CC(C)CC(C(CC(=O)N(C(C)C(=O)C(C(C(CC(C)C)N)O)C(=O)O)C(=O)C(C(C)C)NC(=O)C(C(C)C)NC(=O)CC(C)C)O)N;0.100;242000
88309815;CC(C)CC(C(CC(=O)O)O)NC(=O)C(C)NC(=O)CC(C(CC(C)C)NC(=O)C(C(C)C)NC(=O)C(C(C)C)NC(=O)CC(C)C)O.C(CN(CC(=O)O)CC(=O)O)N(CC(=O)O)CC(=O)O;NULL;379000
88358144;CC(C)CC(C(CC(=O)NC(C)(C)C(=O)NC(CC(C)C)C(CC(=O)O)O)O)NC(=O)C(C)(C(C)C)NC(=O)CC(C)C;2.700;194000
88358158;[Li+].CC(C)CC(C(CC(=O)[O-])O)NC(=O)C(C)(C)NC(=O)CC(C(CC(C)C)NC(=O)OC(C)(C)C)O;NULL;177000
88383428;CC(C)CC(C(CC(=O)O)O)NC(=O)C(C)N;-2.600;113000
88454704;CCCC(C)C(=O)N(C(CC(C)C)C(CC(=O)O)O)C(=O)C(C)(C)N(C(=O)CC(C)C)C(=O)CC(C(CC(C)C)N)O;1.100;179000
10235669;CCC1C(=O)N(CC(=O)N(C(C(=O)NC(C(=O)N(C(C(=O)NC(C(=O)NC(C(=O)N(C(C(=O)N(C(C(=O)N(C(C(=O)N(C(C(=O)N1)C(C(C)CCCC(=O)O)O)C)C(C)C)C)CC(C)C)C)CC(C)C)C)C)C)CC(C)C)C)C(C)C)CC(C)C)C)C;6.400;316000
11527901;CC(C)CC(C(CC(=O)ON1C(=O)CCC1=O)O)NC(=O)C(C)NC(=O)CC(C(CC(C)C)NC(=O)C(C(C)C)NC(=O)C(C(C)C)NC(=O)CC(C)C)O;2.400;250000
13040982;CC(C)CC(C(CC(=O)O)O)NC(=O)C(C)NC(=O)CC(C(CC(C)C)NC(=O)C(C(C)C)NC(=O)C(C(C)C)NC(=O)CC(C)C)O;3.000;223000
44330878;CCOC(=O)CC(C(CCCN)NC(=O)C(C(C)C)NC(=O)C(C(C)C)NC(=O)CC(C)C)O;1.600;160000
44331188;CCOC(=O)CC(C(CCCCN)NC(=O)C(C(C)C)NC(=O)C(C(C)C)NC(=O)CC(C)C)O;2.000;160000
44331193;CCOC(=O)CC(C(CCCCN)NC(=O)C(C(C)C)NC(=O)C(C(C)C)NC(=O)CC(C)C)O;2.000;160000
54090965;CC(C)CCCCCCCCCCCC(CC(=O)NCC(=O)NC(C(C)O)C(=O)O)OC(=O)CCCCCCCCCCCC(C)C;11.600;142000
54177567;CC(C)CCCCCCCCCCCC(CC(=O)NC(C)C(=O)NC(C(C)O)C(=O)O)OC(=O)CCCCCCCCCCCC(C)C;12.000;142000
54239243;CC(C)CCCCCCCCCCCC(CC(=O)NC(C(C)C)C(=O)NC(CCC(=O)O)C(=O)O)OC(=O)CCCCCCCCCCCC(C)C;13.000;159000
54488011;CCCCCCCCCCCCCCCCCC(C(CCCCCCCCCCCCCCCC)C(=O)NC(C)C(=O)NC(CO)C(=O)NC(CCCCN)C(=O)NC(CCCCN)C(=O)NC(CCCCN)C(=O)NC(CCCCN)C(=O)O)OC(=O)CCCCCCCCCCCCCCCCC;19.600;363000
58057422;CCC(=O)NC(C)C(=O)NC(CC(C)C)C(CC(=O)O)O;0.400;116000
58057429;CCC(=O)NC(CCCN)C(=O)NC(CC(C)C)C(CC(=O)O)O;-2.500;142000
58057434;CCC(=O)NC(CCCN=C(N)N)C(=O)NC(CC(C)C)C(CC(=O)O)O;-0.800;180000
58057439;CCC(=O)NC(CCN)C(=O)NC(CC(C)C)C(CC(=O)O)O;-2.800;142000
58057445;CCC(=O)NC(CCCCN)C(=O)NC(CC(C)C)C(CC(=O)O)O;-2.100;142000
58952713;CC(C)CC(C(CC(=O)O)O)NC(=O)CNC(=O)C(C)C;0.600;116000
58952715;CC(C)CCC(C(CC(=O)O)O)NC(=O)CNC(=O)C(C)C;0.900;116000
73353077;CC(C)CC(C(CC(=O)NC(C(C)C)C(=O)NC(C(C)C)C(=O)NC(CC(=O)O)C(=O)O)O)N;-2.100;208000
76328341;CCCCCCCCCCC1C(C(=O)N(C(C(=O)NC(C(=O)NC(C(=O)NC(C(=O)NCC(=O)O1)C(C)O)CO)C(C)CC)CC(C)C)C)C;6.100;204000
86739313;CC(C)CCCCCCCCCCCC(CC(=O)NC(C)C(=O)NC(CO)C(=O)O)OC(=O)CCCCCCCCCCCC(C)C;11.500;142000
88665041;CC(C)CC(C(CC(=O)OC)O)NC(=O)C(CC(C)C)NC(=O)OC(C)(C)C;3.000;114000
88666426;CC(C)CC(C(CC(=O)O)O)NC(=O)C(C)NC(=O)CC(C(CC(C)C)NC(=O)C(C(C)C)NC(=O)C)O;1.000;194000
88682026;CCOC(=O)CC(C(CC(C)C)NC(=O)C(CC(C)C)NC(=O)OC(C)(C)C)O;3.300;114000
88682035;CCOC(=O)CC(C(CC(C)C)NC(=O)C(CC(C)C)NC(=O)OC(C)(C)C)O;3.300;114000
88723635;CC(C)CCCCCCCCCCCC(CC(=O)NC(C)C(=O)NC(C(C)O)C(=O)O)OC(=O)CCCCCCCCCCCC(C)C;12.000;142000
88723938;CC(C)CCCCCCCCCCCC(CC(=O)NCC(=O)NC(C(C)O)C(=O)O)OC(=O)CCCCCCCCCCCC(C)C;11.600;142000
88759959;CC(C)CC(C(CC(=O)N(C(C)C(=O)O)C(=O)C(C(C)C)NC(=O)C(CC(C)C)N)O)N;-1.100;176000
88774996;CC(C)CC(C(CC(=O)OC(CC(=O)O)C(CC(C)C)NC(=O)C(C(C)C)NC(=O)C(C(C)C)NC(=O)C)O)NC(=O)C(C)N;-0.200;226000
88782254;CC(C)CC(C(CC(=O)N(C(C)C(=O)C(C(C(CC(C)C)N)O)C(=O)O)C(=O)C(C(C)C)NC(=O)C(C(C)C)NC(=O)CC(C)C)O)N;0.100;242000
88818963;CC(C)CC(C(CC(=O)N(C(C)C(=O)C(C(C(CC(C)C)N)O)C(=O)O)C(=O)C(C(C)C)NC(=O)C(C(C)C)N)O)N;-1.400;239000
88829860;CCCCCNC(C(C)C)C(=O)NC(C(C)C)C(=O)N(C(C)C(=O)C(C(C(CC(C)C)N)O)C(=O)O)C(=O)CC(C(CC(C)C)N)O;0.900;225000
88847245;CC(C)CC(C(CC(=O)O)O)NC(=O)C(C)NC(=O)CC(C(CC(C)C)NC(=O)C(C(C)C)NC(=O)C(C(C)C)NC(=O)CC(C)C)O.[Na];NULL;223000
88860050;CCC1C(=O)N(CC(=O)N(C(C(=O)NC(C(=O)N(C(C(=O)NC(C(=O)NC(C(=O)N(C(C(=O)N(C(C(=O)N(C(C(=O)N(C(C(=O)N1)C(C(C)CCCC(=O)O)O)C)C(C)C)C)CC(C)C)C)CC(C)C)C)C)C)CC(C)C)C)C(C)C)CC(C)C)C)C;6.400;316000
88860075;CCC1C(=O)N(CC(=O)N(C(C(=O)NC(C(=O)N(C(C(=O)NC(C(=O)NC(C(=O)N(C(C(=O)N(C(C(=O)N(C(C(=O)N(C(C(=O)N1)C(C(C)CCCC(=O)O)O)C)C(C)C)C)CC(C)C)C)CC(C)C)C)C)C)CC(C)C)C)C(C)C)CC(C)C)C)C;6.400;316000
89412124;CC(C)CC(C(CC(=O)NCCCCC(C(=O)NCC(=O)O)NC(=O)CNC(=O)C(CC(=O)O)NC(=O)C(CO)NC(=O)C(CC(=O)O)NC(=O)C(CO)NC(=O)C(CC(=O)O)NC(=O)CCO)O)NC(=O)C(C)NC(=O)CC(C(CC(C)C)NC(=O)C(C(C)C)NC(=O)C(C(C)C)NC(=O)CC(C)C)O;-5.300;658000
89621397;CC(C(C(=O)NC(CCCCN)C(=O)N(C(=O)C(C(C)O)N)C(CO)(C(=O)C(CCCCN)N)C(=O)O)N)O;-7.600;312000
89760186;CCCCCCCCCCCCCC(=O)NC(CO)C(=O)NC(C)C(=O)NCC(=O)N(C)C(C(C)O)C(=O)NC(C)C(=O)NC(CC(C)C)C(=O)O;3.900;244000
89864844;CCCCC(C(=O)NC(CC(C)C)C(CC(=O)NC(C)C(=O)NC(CC(C)C)C(CC(=O)O)O)O)NC(=O)C(C(C)C)NC(=O)CC(C)C;3.500;223000
89864853;CCC(C(=O)NC(CC(C)C)C(CC(=O)N(C(C)C(=O)NC(CC(C)C)C(CC(=O)O)O)N)O)N(CC)C(=O)C(C(C)C)NC(=O)CC(C)C;0.300;232000
117650521;CC(C)CC(C(CC(=O)ON1C(=O)CCC1=O)O)NC(=O)C(C)NC(=O)CC(C(CC(C)C)NC(=O)C(C(C)C)NC(=O)C(C(C)C)NC(=O)CC(C)C)O;2.400;250000
117650522;CC(C)CC(C(CC(=O)O)O)NC(=O)C(C)NC(=O)CC(C(CC(C)C)NC(=O)C(C(C)C)NC(=O)C(C(C)C)NC(=O)CC(C)C)O;3.000;223000
117749290;CC(C)CC(C(CC(=O)O)O)NC(=O)C(C)NC(=O)CC(C(CC(C)C)NC(=O)C(C(C)C)NC(=O)C(C(C)C)NC(=O)CC(C)C)O;3.000;223000
117904985;CCCCCCCCCCCCCCCC(=O)NC(C(C)O)C(=O)NC(CC(=O)O)C(=O)NC(C)C(=O)NC(CC(C)C)C(=O)NC;5.700;203000
118205856;CC(C(C(=O)NC(C(C)O)C(=O)N(C(=O)C(CCCCN)N)C(CO)(C(=O)C(CCCCN)N)C(=O)O)N)O;-7.600;312000
118719350;CC(C)CCCCCCCCCCCC(C)C(C(C)C(=O)NC(C)CCC(=O)N(C)CC(=O)NC(C(C(=O)N)O)C(=O)O)O;4.800;199000
118888253;CCC(C(=O)NC)NC(=O)C(C(C(C)CCCC(=O)O)O)N(C)C(=O)C(C(C)C)N(C)C(=O)C(CC(C)C)N(C)C(=O)CCC(C)C;3.500;177000
121410259;CC(C)CC(C(CC(=O)O)O)NC(=O)C(C)NC(=O)CC(C(CC(C)C)NC(=O)C(C(C)C)NC(=O)C(C(C)C)NC(=O)CC(C)C)O;3.000;223000
121485007;CC(C)CC(C(CC(=O)O)O)NC(=O)C(C)NC(=O)CC(C(CC(C)C)NC(=O)C(C(C)C)NC(=O)C(C(C)C)NC(=O)COCCOCCNC(=O)COCCOCCN)O;-2.700;315000
122177562;CCCCCCCC1CC(=O)NC(C(=O)NC(C(=O)NC(C(=O)NC(C(=O)NC(C(=O)O1)C(C)CC)CC(C)C)C(C)O)CO)CC(C)C;5.400;212000
122177563;CCCCCCCCCC1CC(=O)NC(C(=O)NC(C(=O)NC(C(=O)NC(C(=O)NC(C(=O)O1)C(C)CC)CC(C)C)C(C)O)CO)CC(C)C;6.500;212000
122177564;CCC(C)C1C(=O)OC(CC(=O)NC(C(=O)NC(C(=O)NC(C(=O)NC(C(=O)N1)CC(C)C)C(C)O)CO)CC(C)C)CCCCCCC(C)C;6.200;212000
122177566;CCCCCCCCCCCC1CC(=O)NC(C(=O)NC(C(=O)NC(C(=O)NC(C(=O)NC(C(=O)O1)C(C)CC)CC(C)C)C(C)O)CO)CC(C)C;7.600;212000
126614250;CC(C)CC(C(CC(=O)ON1C(CCC1=O)O)O)NC(=O)C(C)NC(=O)CC(C(CC(C)C)NC(=O)C(C(C)C)NC(=O)C(C(C)C)NC(=O)CC(C)C)O;2.600;253000
130388479;CC(C)CC(C(CC(=O)O)O)NC(=O)C(C)NC(=O)CC(C(CC(C)C)NC(=O)C(C(C)C)NC(=O)C(C(C)C)NC(=O)CC(C)C)O;3.000;223000
131714869;CC(C)CC(C(CC(=O)OC)O)NC(=O)C(C)NC(=O)C(C(C)C)NC(=O)C(CC(C)C)N.Cl;NULL;160000
134141339;CCCCCCCCCCC1C(C(=O)N(C(C(=O)NC(C(=O)NC(C(=O)NC(C(=O)NCC(=O)O1)C(C)O)CO)C(C)CC)CC(C)C)C)C;6.100;204000
134262500;CC(C)CC(C(CC(=O)O)O)NC(=O)C(C)NC(=O)CC(C(CC(C)C)NC(=O)C(C(C)C)NC(=O)C(C(C)C)NC(=O)COCCOCCNC(=O)COCCOCCN)O;-2.700;315000
134277432;CC(C)CC(C(CC(=O)O)O)NC(=O)C(C)NC(=O)CC(C(CC(C)C)NC(=O)C(C(C)C)NC(=O)C(C(C)C)NC(=O)COCCOCCNC(=O)COCCOCCN)O;-2.700;315000
138478587;CCCCCCCCCCC(C(C)C(=O)N(C)C(CC(C)C)C(=O)NC(C(C)C)C(=O)NC(CO)C(=O)N)OC(=O)CNC(=O)C(C)CO;4.500;218000
138478588;CCCCCCCCCCC1C(C(=O)N(C(C(=O)NC(C(=O)NC(C(=O)NC(C(=O)NCC(=O)O1)C(C)O)CO)CCC)CC(C)C)C)C;5.700;204000
138478733;CCCCCCCCCCC1C(C(=O)N(C(C(=O)NC(C(=O)NC(C(=O)NC(C(=O)NCC(=O)O1)C(C)O)CO)C(C)CC)CC(C)C)C)C;6.100;204000
138478788;CCCCCCCCCCC1C(C(=O)N(C(C(=O)NC(C(=O)NC(C(=O)NC(C(=O)NCC(=O)O1)C)CO)C(C)CC)CC(C)C)C)C;6.200;183000
138478789;CCCCCCCCCCC1C(C(=O)N(C(C(=O)NC(C(=O)NC(C(=O)NC(C(=O)NCC(=O)O1)CO)CO)C(C)CC)CCCC)C)C;5.800;204000
138478852;CCCCCCC1C(C(=O)N(C(C(=O)NC(C(=O)NC(C(=O)NC(C(=O)NCC(=O)O1)C(C)O)C(C)O)C(C)CC)CC(C)C)C)C;4.400;204000
138478918;CCCCCCCCCCC1C(C(=O)N(C(C(=O)NC(C(=O)NC(C(=O)NC(C(=O)NCC(=O)O1)CCN)CO)C(C)CC)CC(C)C)C)C;5.200;209000
138478930;CCCCCCCCCCC1C(C(=O)N(C(C(=O)NC(C(=O)NC(C(=O)NC(C(=O)NCC(=O)O1)CCO)CO)C(C)CC)CC(C)C)C)C;5.500;204000
138478932;CCCCCCCCCCC1C(C(=O)N(C(C(=O)NC(C(=O)NC(C(=O)NC(C(=O)NCC(=O)O1)C(C)O)CCN)C(C)CC)CC(C)C)C)C;5.600;209000
138478970;CCCCCCCCCCC(C(C)C(=O)N(C)C(CC(C)C)C(=O)NC(C(CC)CC)C(=O)NC(CO)C(=O)N)OC(=O)CNC(=O)C(C)CO;5.200;218000
138479032;CCCCCCCCCCC1C(C(=O)N(C(C(=O)NC(C(=O)NC(C(=O)NC(C(=O)NCC(=O)O1)C(C)O)CO)C(C)CC)CC(C)C)C)C;6.100;204000
138479054;CCCCCCCC(C(CC)C(=O)N(C)C(CC(C)C)C(=O)NC(C(C)CC)C(=O)NC(CO)C(=O)N)OC(=O)CNC(=O)C(C)C(C)O;4.000;218000
138479061;CCCCCCCCCCC(C(C)C(=O)N(C)C(CC(C)C)C(=O)NC(CCC)C(=O)NC(CO)C(=O)N)OC(=O)CNC(=O)C(C)C(C)O;4.800;218000
138479069;CCCCCCCCCCC1C(C(=O)N(C(C(=O)NC(C(=O)NC(C(=O)NC(C(=O)NCC(=O)O1)CC)CO)C(C)CC)CC(C)C)C)C;6.700;183000
138479087;CCCCCCCCCCC1C(C(=O)N(C(C(=O)NC(C(=O)NC(C(=O)NC(C(=O)NCC(=O)O1)COCCCN)CO)C(C)CC)CC(C)C)C)C;5.100;219000
138479123;CCCCCCCCCCC1C(C(=O)N(C(C(=O)NC(C(=O)NC(C(=O)NC(C(=O)NC(C(=O)O1)C)C(C)O)CO)C(C)CC)CC(C)C)C)C;6.500;204000
138731326;CC(C)CC(C(CC(=O)O)O)NC(=O)C(C)NC(=O)CC(C(CC(C)C)NC(=O)C(C(C)C)NC(=O)C(C(C)C)NC(=O)COCCOCCNC(=O)COCCOCCN)O;-2.700;315000
139437871;CCCC(C(CC(=O)NC(C)C(=O)NC(CC(C)C)C(CC(=O)O)O)O)NC(=O)C(C(C)C)NC(=O)C(C(C)C)NC(=O)CC(C)C;2.600;223000
153531700;CCCCCCCCCCC1C(C(=O)N(C(C(=O)NC(C(=O)NC(C(=O)NC(C(=O)NCC(=O)O1)CO)CO)C(C)CC)CC(C)C)C)C;5.700;204000
153531702;CCCCCCCC1C(C(=O)N(C(C(=O)NC(C(=O)NC(C(=O)NC(C(=O)NCC(=O)O1)C(C)O)CO)C(C)CC)CC(C)C)C)CC;4.800;204000
155209721;CCCCCCCCCCC1C(C(=O)N(C(C(=O)NC(C(=O)NC(C(=O)NC(C(=O)NCC(=O)O1)CCN)CO)C(C)CC)CC(C)C)C)C;5.200;209000
155209727;CCCCCCC1C(C(=O)N(C(C(=O)NC(C(=O)NC(C(=O)NC(C(=O)NCC(=O)O1)C(C)O)C(C)O)C(C)CC)CC(C)C)C)C;4.400;204000
155209754;CCCCCCCCCCC1C(C(=O)N(C(C(=O)NC(C(=O)NC(C(=O)NC(C(=O)NCC(=O)O1)CO)CO)C(CC)CC)CC(C)C)C)C;6.000;204000
155209835;CCCCCCCCCCC1C(C(=O)N(C(C(=O)NC(C(=O)NC(C(=O)NC(C(=O)NCC(=O)O1)CO)CO)C(C)CC)CC(C)C)C)C;5.700;204000
155209837;CCCCCCCCCCC1C(C(=O)N(C(C(=O)NC(C(=O)NC(C(=O)NC(C(=O)NCC(=O)O1)CO)CO)C(C)CC)CC(C)C)C)C;5.700;204000
155209842;CCCCCCCCCCC1C(C(=O)N(C(C(=O)NC(C(=O)NC(C(=O)NC(C(=O)NCC(=O)O1)C(C)O)CO)CCC)CC(C)C)C)C;5.700;204000
155209854;CCCCCCCCCCC1C(C(=O)N(C(C(=O)NC(C(=O)NC(C(=O)NC(C(=O)NC(C(=O)O1)C)C(C)O)CO)C(C)CC)CC(C)C)C)C;6.500;204000
155209855;CCCCCCCCCCC1C(C(=O)N(C(C(=O)NC(C(=O)NC(C(=O)NC(C(=O)NC(C(=O)O1)C)C(C)O)CO)C(C)CC)CC(C)C)C)C;6.500;204000
155209871;CCCCCCCCCCC1C(C(=O)N(C(C(=O)NC(C(=O)NC(C(=O)NC(C(=O)NC(C(=O)O1)C)C(C)O)CO)C(C)CC)CC(C)C)C)C;6.500;204000
155209873;CCCCCCCCCCC1C(C(=O)N(C(C(=O)NC(C(=O)NC(C(=O)NC(C(=O)NCC(=O)O1)C(C)O)CO)C(C)CC)CC(C)C)C)C;6.100;204000
155209881;CCCCCCCCCCC1C(C(=O)N(C(C(=O)NC(C(=O)NC(C(=O)NC(C(=O)NCC(=O)O1)CO)CO)C(C)CC)CCC)C)C;5.200;204000
155209882;CCCCCCCCCCC1C(C(=O)N(C(C(=O)NC(C(=O)NC(C(=O)NC(C(=O)NCC(=O)O1)CO)CO)C(C)CC)CCC)C)C;5.200;204000
155209891;CCCCCCCCCCC1C(C(=O)N(C(C(=O)NC(C(=O)NC(C(=O)NC(C(=O)NCC(=O)O1)CO)CO)C(C)CC)CCCC)C)C;5.800;204000
155209917;CCCCCCCCCCC1C(C(=O)N(C(C(=O)NC(C(=O)NC(C(=O)NC(C(=O)NCC(=O)O1)C)CO)C(C)CC)CC(C)C)C)C;6.200;183000
155209962;CCCCCCCC1C(C(=O)N(C(C(=O)NC(C(=O)NC(C(=O)NC(C(=O)NCC(=O)O1)C(C)O)CO)C(C)CC)CC(C)C)C)CC;4.800;204000
155209969;CCCCCCCCCCCCC1C(C(=O)N(C(C(=O)NC(C(=O)NC(C(=O)NC(C(=O)NCC(=O)O1)C(C)O)CO)C(C)CC)CC(C)C)C)C;7.200;204000
155209971;CCCCCCCCCCCCC1C(C(=O)N(C(C(=O)NC(C(=O)NC(C(=O)NC(C(=O)NCC(=O)O1)C(C)O)CO)C(C)CC)CC(C)C)C)C;7.200;204000
155209977;CCCCCCCCCCC1C(C(=O)N(C(C(=O)NC(C(=O)NC(C(=O)NC(C(=O)NCC(=O)O1)CO)CO)C(C)C)CC(C)C)C)C;5.300;204000
155209985;CCCCCCCCCCC1C(C(=O)N(C(C(=O)NC(C(=O)NC(C(=O)NC(C(=O)NCC(=O)O1)COCCCN)CO)C(C)CC)CC(C)C)C)C;5.100;219000
155210005;CCCCCCCCCCC1C(C(=O)N(C(C(=O)NC(C(=O)NC(C(=O)NC(C(=O)NCC(=O)O1)C(C)O)CCN)C(C)CC)CC(C)C)C)C;5.600;209000
155210109;CCCCCCCCCCC1C(C(=O)N(C(C(=O)NC(C(=O)NC(C(=O)NC(C(=O)NCC(=O)O1)C(C)O)CO)C(C)CC)CCC)C)C;5.700;204000
155210110;CCCCCCCCCCC1C(C(=O)N(C(C(=O)NC(C(=O)NC(C(=O)NC(C(=O)NCC(=O)O1)C(C)O)CO)C(C)CC)CCC)C)C;5.700;204000
155210136;CCCCCCCCCCC1C(C(=O)N(C(C(=O)NC(C(=O)NC(C(=O)NC(C(=O)NCC(=O)O1)CCO)CO)C(C)CC)CC(C)C)C)C;5.500;204000
155228330;CCCCCCCCCCC1C(C(=O)N(C(C(=O)NC(C(=O)NC(C(=O)NC(C(=O)NCC(=O)O1)CO)CO)C(CC)CC)CC(C)C)C)C;6.000;204000
155228360;CCCCCCCCCCC1C(C(=O)N(C(C(=O)NC(C(=O)NC(C(=O)NC(C(=O)NCC(=O)O1)CO)CO)C(C)C)CC(C)C)C)C;5.300;204000
155228373;CCCCCCCC1C(C(=O)N(C(C(=O)NC(C(=O)NC(C(=O)NC(CNCC(=O)O1)C(C)O)CO)C(C)CC)CC(C)C)C)CC;4.500;186000
155228401;CCCCCCCCCCC1C(C(=O)N(C(C(=O)NC(C(=O)NC(C(=O)NC(C(=O)NCC(=O)O1)CO)CO)C(C)C)CC(C)C)C)C;5.300;204000
155228433;CCCCCCCCCCC1C(C(=O)N(C(C(=O)NC(C(=O)NC(C(=O)NC(C(=O)NCC(=O)O1)C(C)O)CCN)CCC)CC(C)C)C)C;5.200;209000
155228444;CCCCCCCCCCC1C(C(=O)N(C(C(=O)NC(C(=O)NC(C(=O)NC(C(=O)NCC(=O)O1)COCCCN)CO)CCC)CC(C)C)C)C;4.600;219000
155228449;CCCCCCCCCCC1C(C(=O)N(C(C(=O)NC(C(=O)NC(C(=O)NC(C(=O)NCC(=O)O1)C)CO)CCC)CC(C)C)C)C;5.700;183000
155228472;CCCCCCCCCCC1C(C(=O)N(C(C(=O)NC(C(=O)NC(C(=O)NC(C(=O)NCC(=O)O1)C(C)(C)O)CO)CCC)CC(C)C)C)C;5.800;204000
155228476;CCCCCCCCCCC1C(C(=O)N(C(C(=O)NC(C(=O)NC(C(=O)NC(C(=O)NCC(=O)O1)CO)CO)CCC)CC(C)C)C)C;5.200;204000
155228485;CCCCCCCCCCC(C(C)C(=O)N(C)C(CC(C)C)C(=O)NC(C(C)CC)C(=O)NC(CO)C(=O)N)OC(=O)CNC(=O)C(C)CO;4.800;218000
155228502;CCCCCCCCCCC1C(C(=O)N(C(C(=O)NC(C(=O)NC(C(=O)NC(C(=O)NCC(=O)O1)C(C)O)CO)CCC)CCC)C)C;5.200;204000
155228518;CCCCCCCCCCC1C(C(=O)N(C(C(=O)NC(C(=O)NC(C(=O)NC(C(=O)NC(C(=O)O1)C)C(C)O)CO)CCC)CC(C)C)C)C;6.100;204000
